"zip","zip_type","city","city_primary","region","region_id","region_vid","multi_county","office_building","notes"
98001,"Standard","Auburn","Auburn","south",4,1164,NA,"",""
98002,"Standard","Auburn","Auburn","south",4,1164,NA,"",""
98003,"Standard","Federal Way","Federal Way","south",4,1164,NA,"",""
98004,"Standard","Bellevue","Bellevue","east",1,1163,NA,"",""
98005,"Standard","Bellevue","Bellevue","east",1,1163,NA,"",""
98006,"Standard","Bellevue","Bellevue","east",1,1163,NA,"",""
98007,"Standard","Bellevue","Bellevue","east",1,1163,NA,"",""
98008,"Standard","Bellevue","Bellevue","east",1,1163,NA,"",""
98009,"PO Box","Bellevue","Bellevue","east",1,1163,NA,"",""
98010,"Standard","Black Diamond","Black Diamond","south",4,1164,NA,"",""
98011,"Standard","Bothell","Bothell","north",2,1161,NA,"",""
98013,"PO Box","Burton, Vashon","Burton","south",4,1164,NA,"",""
98014,"Standard","Carnation","Carnation","east",1,1163,NA,"",""
98015,"PO Box","Bellevue","Bellevue","east",1,1163,NA,"",""
98019,"Standard","Duvall","Duvall","east",1,1163,1,"",""
98022,"Standard","Enumclaw","Enumclaw","south",4,1164,1,"","crosses county"
98023,"Standard","Federal Way","Federal Way","south",4,1164,NA,"",""
98024,"Standard","Fall City","Fall City","east",1,1163,NA,"",""
98025,"PO Box","Hobart","Hobart","east",1,1163,NA,"",""
98027,"Standard","Issaquah","Issaquah","east",1,1163,NA,"",""
98028,"Standard","Bothell","Kenmore","north",2,1161,NA,"",""
98029,"Standard","Issaquah","Issaquah","east",1,1163,NA,"",""
98030,"Standard","Kent","Kent","south",4,1164,NA,"","started in 2003"
98031,"Standard","Kent","Kent","south",4,1164,NA,"",""
98032,"Standard","Kent","Kent","south",4,1164,NA,"",""
98033,"Standard","Kirkland","Kirkland","east",1,1163,NA,"",""
98034,"Standard","Kirkland","Kirkland","east",1,1163,NA,"",""
98035,"PO Box","Kent","Kent","south",4,1164,NA,"",""
98038,"Standard","Maple Valley","Maple Valley","south",4,1164,NA,"",""
98039,"Standard","Medina","Medina","east",1,1163,NA,"",""
98040,"Standard","Mercer Island","Mercer Island","east",1,1163,NA,"",""
98041,"PO Box","Bothell","Bothell","north",2,1161,NA,"",""
98042,"Standard","Kent","Kent","south",4,1164,NA,"",""
98045,"Standard","North Bend","North Bend","east",1,1163,NA,"",""
98047,"Standard","Auburn","Pacific","south",4,1164,1,"","crosses county"
98050,"PO Box","Preston","Preston","east",1,1163,NA,"",""
98051,"Standard","Reavensdale","Reavensdale","south",4,1164,NA,"",""
98052,"Standard","Redmond","Redmond","east",1,1163,NA,"",""
98053,"Standard","Redmond","Redmond","east",1,1163,NA,"",""
98054,"PO Box","Auburn-Redondo","Redondo","south",4,1164,NA,"",""
98055,"Standard","Renton","Renton","south",4,1164,NA,"",""
98056,"Standard","Renton","Renton","south",4,1164,NA,"",""
98057,"PO Box","Renton","Renton","south",4,1164,NA,"",""
98058,"Standard","Renton","Renton","south",4,1164,NA,"",""
98059,"Standard","Renton","Renton","east",1,1163,NA,"",""
98062,"PO Box","Seahurst","Seahurst","south",4,1164,NA,"",""
98063,"PO Box","Auburn","Federal Way","south",4,1164,NA,"",""
98064,"PO Box","Kent","Kent","south",4,1164,NA,"",""
98065,"Standard","Snoqualmie","Snoqualmie","east",1,1163,NA,"",""
98068,"PO Box","Snoqualmie Pass","Snoqualmie Pass","east",1,1163,1,"",""
98070,"Standard","Vashon","Vashon","south",4,1164,NA,"",""
98071,"PO Box","Auburn","Auburn","south",4,1164,NA,"",""
98072,"Standard","Woodinville/2counties","Woodinville","north",2,1161,1,"","crosses county"
98073,"PO Box","Redmond","Redmond","east",1,1163,NA,"",""
98074,"Standard","Samamish/Redmond","Sammamish","east",1,1163,NA,"",""
98075,"Standard","Samamish/Issaquah","Samamish/Issaquah","east",1,1163,NA,"",""
98077,"Standard","Woodinville/2counties","Woodinville","east",1,1163,1,"","crosses county"
98082,"PO Box","Mill Creek","Mill Creek","north",2,1161,1,"",""
98083,"PO Box","Kirkland","Kirkland","east",1,1163,NA,"",""
98089,"PO Box","Kent","Kent","south",4,1164,NA,"",""
98092,"Standard","Auburn","Auburn","south",4,1164,1,"","crosses county"
98093,"PO Box","Auburn","Federal Way","south",4,1164,NA,"",""
98101,"Standard","Seattle","Seattle","seattle",3,1162,NA,"",""
98102,"Standard","Seattle","Seattle","seattle",3,1162,NA,"",""
98103,"Standard","Seattle","Seattle","seattle",3,1162,NA,"",""
98104,"Standard","Seattle","Seattle","seattle",3,1162,NA,"",""
98105,"Standard","Seattle","Seattle","seattle",3,1162,NA,"",""
98106,"Standard","Seattle","Seattle","seattle",3,1162,NA,"",""
98107,"Standard","Seattle","Seattle","seattle",3,1162,NA,"",""
98108,"Standard","Seattle","Seattle","seattle",3,1162,NA,"",""
98109,"Standard","Seattle","Seattle","seattle",3,1162,NA,"",""
98111,"PO Box","Seattle","Seattle","seattle",3,1162,NA,"",""
98112,"Standard","Seattle","Seattle","seattle",3,1162,NA,"",""
98113,"PO Box","Seattle","Seattle","seattle",3,1162,NA,"",""
98114,"PO Box","Seattle","Seattle","seattle",3,1162,NA,"",""
98115,"Standard","Seattle","Seattle","seattle",3,1162,NA,"",""
98116,"Standard","Seattle","Seattle","seattle",3,1162,NA,"",""
98117,"Standard","Seattle","Seattle","seattle",3,1162,NA,"",""
98118,"Standard","Seattle","Seattle","seattle",3,1162,NA,"",""
98119,"Standard","Seattle","Seattle","seattle",3,1162,NA,"",""
98121,"Standard","Seattle","Seattle","seattle",3,1162,NA,"",""
98122,"Standard","Seattle","Seattle","seattle",3,1162,NA,"",""
98124,"PO Box","Seattle","Seattle","seattle",3,1162,NA,"",""
98125,"Standard","Seattle","Seattle","seattle",3,1162,NA,"",""
98126,"Standard","Seattle","Seattle","seattle",3,1162,NA,"",""
98127,"PO Box","Seattle","Seattle","seattle",3,1162,NA,"",""
98129,"PO Box","Seatle","Seatle","seattle",3,1162,NA,"",""
98131,"PO Box","Seattle","Seattle","seattle",3,1162,NA,"",""
98132,"Standard","Seattle","Seattle","seattle",3,1162,NA,"",""
98133,"Standard","Seattle/N County","Seattle","seattle",3,1161,NA,"",""
98134,"Standard","Seattle","Seattle","seattle",3,1162,NA,"",""
98136,"Standard","Seattle","Seattle","seattle",3,1162,NA,"",""
98138,"PO Box","Seattle","Seattle","seattle",3,1162,NA,"",""
98139,"PO Box","Seattle","Seattle","seattle",3,1162,NA,"",""
98141,"PO Box","Seattle","Seattle","seattle",3,1162,NA,"",""
98144,"Standard","Seattle","Seattle","seattle",3,1162,NA,"",""
98145,"PO Box","Seattle","Seattle","seattle",3,1162,NA,"",""
98146,"Standard","Seattle","White Center","south",4,1164,NA,"",""
98148,"Standard","Seattle","Burien","south",4,1164,NA,"",""
98154,"PO Box","Seattle","Seattle","seattle",3,1162,NA,"",""
98155,"Standard","Seattle/N County","Seattle","seattle",3,1161,NA,"",""
98158,"Standard","Seattle","Seattle","seattle",3,1164,NA,"",""
98160,"PO Box","Seattle","Seattle","seattle",3,1161,NA,"",""
98161,"PO Box","Seattle","Seattle","seattle",3,1162,NA,"",""
98164,"PO Box","Seattle","Seattle","seattle",3,1162,NA,"",""
98165,"PO Box","Seattle","Seattle","seattle",3,1162,NA,"",""
98166,"Standard","Seattle","Normandy Park","south",4,1164,NA,"",""
98168,"Standard","Seattle","SeaTac","south",4,1164,NA,"",""
98170,"PO Box","Seattle","Seattle","seattle",3,NA,NA,NA,NA
98171,"PO Box","Seattle","Seattle","seattle",3,1162,NA,"",""
98174,"PO Box","Seattle","Seattle","seattle",3,1162,NA,"",""
98175,"PO Box","Seattle","Seattle","seattle",3,1162,NA,"",""
98177,"Standard","Seattle/N County","Seattle","seattle",3,1161,NA,"",""
98178,"Standard","Seattle","Bryn Mawr-Skyway","south",4,1164,NA,"",""
98181,"PO Box","Seattle","Seattle","seattle",3,NA,NA,NA,NA
98185,"PO Box","Seattle","Seattle","seattle",3,NA,NA,NA,NA
98188,"Standard","Seattle","SeaTac","south",4,1164,NA,"",""
98189,"PO Box","West Valley Business Park in Kent","Kent","south",4,NA,NA,NA,NA
98190,"PO Box","Seattle","Seattle","seattle",3,NA,NA,NA,NA
98191,"PO Box","Seattle","Seattle","seattle",3,NA,NA,NA,NA
98194,"PO Box","Seattle","Seattle","seattle",3,1162,NA,"",""
98195,"Unique","Seattle","Seattle","seattle",3,1162,NA,"building","Univ of WA; source: usps. Includes dorms"
98198,"Standard","Seattle","Des Moines","south",4,1164,NA,"",""
98199,"Standard","Seattle","Seattle","seattle",3,1162,NA,"",""
98224,"PO Box","Baring","Baring","east",1,1163,NA,"",""
98288,"PO Box","Skykomish","Skykomish","east",1,1163,NA,"",""
